count,min,max,mean,median,p75,p95,p99
2,0.8851250000000164,3.663458999999989,2.2742920000000026,2.2742920000000026,3.663458999999989,3.663458999999989,3.663458999999989
